ID,NAME,EMAIL,AGE
1,John Doe,john.doe@example.com,30
2,Jane Smith,jane.smith@example.com,25
3,Alex Johnson,alex.johnson@example.com,35
4,Emily Brown,emily.brown@example.com,28
5,Michael Davis,michael.davis@example.com,40
6,Sarah Wilson,sarah.wilson@example.com,22
7,David Lee,david.lee@example.com,33
8,Jessica Taylor,jessica.taylor@example.com,29
9,Robert Johnson,robert.johnson@example.com,45
10,Lisa Martinez,lisa.martinez@example.com,31
11,Thomas Anderson,thomas.anderson@example.com,27
12,Emma Harris,emma.harris@example.com,26
13,Daniel Clark,daniel.clark@example.com,38
14,Olivia Lewis,olivia.lewis@example.com,24
15,James Walker,james.walker@example.com,42
16,Sophia Hall,sophia.hall@example.com,23
17,Benjamin Young,benjamin.young@example.com,36
18,Ava Allen,ava.allen@example.com,29
19,William King,william.king@example.com,41
20,Mia Scott,mia.scott@example.com,34
21,Ethan Green,ethan.green@example.com,28
22,Charlotte Baker,charlotte.baker@example.com,32
23,Alexander Adams,alexander.adams@example.com,37
24,Amelia Nelson,amelia.nelson@example.com,30
25,Jacob Carter,jacob.carter@example.com,39
26,Harper Mitchell,harper.mitchell@example.com,25
27,Mason Roberts,mason.roberts@example.com,43
28,Evelyn Turner,evelyn.turner@example.com,31
29,Logan Phillips,logan.phillips@example.com,35
30,Abigail Campbell,abigail.campbell@example.com,27
31,Lucas Parker,lucas.parker@example.com,44
32,Elizabeth Evans,elizabeth.evans@example.com,26
33,Jackson Edwards,jackson.edwards@example.com,33
34,Sofia Collins,sofia.collins@example.com,29
35,Aiden Stewart,aiden.stewart@example.com,40
36,Scarlett Sanchez,scarlett.sanchez@example.com,28
37,Samuel Morris,samuel.morris@example.com,36
38,Victoria Rogers,victoria.rogers@example.com,31
39,Joseph Reed,joseph.reed@example.com,38
40,Madison Cook,madison.cook@example.com,25
41,Henry Bell,henry.bell@example.com,42
42,Lily Murphy,lily.murphy@example.com,30
43,Owen Bailey,owen.bailey@example.com,34
44,Chloe Rivera,chloe.rivera@example.com,27
45,Sebastian Cooper,sebastian.cooper@example.com,39
46,Zoey Richardson,zoey.richardson@example.com,26
47,Matthew Cox,matthew.cox@example.com,37
48,Grace Howard,grace.howard@example.com,32
49,Andrew Ward,andrew.ward@example.com,41
50,Hannah Torres,hannah.torres@example.com,28
51,Dylan Peterson,dylan.peterson@example.com,35
52,Natalie Gray,natalie.gray@example.com,29
53,Christopher Ramirez,christopher.ramirez@example.com,43
54,Zoe James,zoe.james@example.com,30
55,Joshua Watson,joshua.watson@example.com,36
56,Leah Brooks,leah.brooks@example.com,27
57,Ryan Sanders,ryan.sanders@example.com,40
58,Aubrey Price,aubrey.price@example.com,31
59,Nathan Bennett,nathan.bennett@example.com,38
60,Addison Wood,addison.wood@example.com,25
61,Isaac Barnes,isaac.barnes@example.com,42
62,Ellie Ross,ellie.ross@example.com,30
63,Luke Henderson,luke.henderson@example.com,34
64,Stella Coleman,stella.coleman@example.com,28
65,Christian Jenkins,christian.jenkins@example.com,39
66,Savannah Perry,savannah.perry@example.com,26
67,Jonathan Long,jonathan.long@example.com,37
68,Trinity Foster,trinity.foster@example.com,32
69,Caleb Simmons,caleb.simmons@example.com,41
70,Lillian Russell,lillian.russell@example.com,29
71,Isaiah Ortiz,isaiah.ortiz@example.com,36
72,Ariana Diaz,ariana.diaz@example.com,27
73,Charles Gibson,charles.gibson@example.com,40
74,Kylie Murray,kylie.murray@example.com,31
75,Josiah Flores,josiah.flores@example.com,38
76,Kaylee Washington,kaylee.washington@example.com,25
77,Anthony Bryant,anthony.bryant@example.com,42
78,Hailey Hughes,hailey.hughes@example.com,30
79,David Griffin,david.griffin@example.com,34
80,Aaliyah West,aaliyah.west@example.com,28
81,Thomas Hayes,thomas.hayes@example.com,39
82,Serenity Bryant,serenity.bryant@example.com,26
83,Gabriel Phelps,gabriel.phelps@example.com,37
84,Autumn Elliott,autumn.elliott@example.com,32
85,Julian Cunningham,julian.cunningham@example.com,41
86,Bella Porter,bella.porter@example.com,29
87,Levi Spencer,levi.spencer@example.com,36
88,Claire Gardner,claire.gardner@example.com,27
89,Dominic Stephens,dominic.stephens@example.com,40
90,Katherine Payne,katherine.payne@example.com,31
91,Christopher Porter,christopher.porter@example.com,38
92,Peyton Vaughn,peyton.vaughn@example.com,25
93,Isaiah Shelton,isaiah.shelton@example.com,42
94,Skylar Hopkins,skylar.hopkins@example.com,30
95,Eli Buchanan,eli.buchanan@example.com,34
96,Maya Barrett,maya.barrett@example.com,28
97,Nolan Horton,nolan.horton@example.com,39
98,Arianna Cummings,arianna.cummings@example.com,26
99,Colton Chandler,colton.chandler@example.com,37
100,Sadie Norman,sadie.norman@example.com,32